date,open,high,low,close,volume
2020-07-27,136.36,139.2,136.36,139.08,32959
2020-07-28,139.18,139.67,137.98,138.23,53213
2020-07-29,138.75,140.26,138.34,139.77,26354
2020-07-30,138.56,141.49,138.45,141.06,45419
2020-07-31,141.16,143.69,140.69,143.56,69620
2020-08-03,143.64,147.08,143.64,146.27,76205
2020-08-04,145.95,147.52,145.14,147.33,61053
2020-08-05,147.89,149.91,147.54,149.34,95058
2020-08-06,150.49,155.23,149.97,152.82,131333
2020-08-07,153.31,153.31,149.13,150.4,53563
2020-08-10,151.07,151.07,148.87,149.54,57296
2020-08-11,149.76,150.6,148.32,148.56,52856
2020-08-12,149.0,152.28,148.71,150.9,28515
2020-08-13,150.43,151.27,149.67,150.32,53088
2020-08-14,150.27,150.27,147.45,148.66,118583
2020-08-17,149.54,150.11,148.55,148.99,83767
2020-08-18,149.58,151.97,148.9,151.65,37099
2020-08-19,151.98,152.25,149.94,150.12,40684
2020-08-20,148.99,150.4,148.99,150.12,127632
2020-08-21,150.33,150.38,148.81,149.89,28132
2020-08-24,150.85,151.1,147.92,148.3,83488
2020-08-25,149.41,150.37,148.39,150.14,46057
2020-08-26,149.74,151.8,148.84,151.21,46119
2020-08-27,151.19,152.29,150.11,151.04,28631
2020-08-28,151.04,151.55,150.19,151.5,49388
2020-08-31,151.64,152.96,150.87,151.6,47944
2020-09-01,152.23,153.48,151.48,153.43,43936
2020-09-02,153.61,156.84,153.25,156.53,64133
2020-09-03,155.94,155.94,149.02,150.29,83911
2020-09-04,150.72,151.63,147.07,148.87,49067
2020-09-08,147.75,147.75,144.46,145.43,88884
2020-09-09,147.3,152.03,147.3,150.45,75002
2020-09-10,151.08,152.81,148.97,149.77,74705
2020-09-11,150.32,151.11,149.45,150.28,25079
2020-09-14,151.21,153.31,151.21,152.27,37840
2020-09-15,153.4,155.11,153.14,153.59,22945
2020-09-16,154.51,155.18,152.58,152.61,48369
2020-09-17,150.9,151.94,149.64,151.94,41781
2020-09-18,151.16,153.26,150.88,152.35,31264
2020-09-21,150.95,152.46,149.34,152.37,22033
2020-09-22,152.07,153.82,151.7,152.86,91181
2020-09-23,153.4,153.96,150.65,150.8,77126
2020-09-24,150.17,150.92,148.27,149.57,54399
2020-09-25,149.73,152.82,149.32,152.16,50486
2020-09-28,153.82,155.49,152.58,152.67,34031
2020-09-29,153.44,154.67,153.38,153.82,48878
2020-09-30,154.51,157.87,154.13,156.78,54212
2020-10-01,157.62,157.74,154.46,155.32,71804
2020-10-02,153.52,155.91,153.37,154.78,52630
2020-10-05,155.62,156.26,153.93,154.74,70561
2020-10-06,155.55,155.58,152.29,152.85,48131
2020-10-07,153.83,154.64,150.51,151.39,274074
2020-10-08,152.82,154.82,151.4,154.49,554861
2020-10-09,155.39,156.8,154.2,156.62,73622
2020-10-12,158.05,159.9,157.37,159.6,97007
2020-10-13,159.03,159.05,156.51,156.51,62729
2020-10-14,157.4,157.52,154.15,154.94,74344
2020-10-15,152.65,154.5,152.65,154.25,79469
2020-10-16,155.24,156.98,154.63,154.82,60581
2020-10-19,155.64,156.2,150.96,151.39,79269
2020-10-20,152.04,153.11,150.84,151.4,147975
2020-10-21,151.43,153.61,151.27,152.61,93458
2020-10-22,153.58,154.67,152.84,153.9,67024
2020-10-23,154.81,156.02,153.8,154.95,66697
2020-10-26,154.22,154.23,150.7,152.02,55591
2020-10-27,152.58,155.9,152.42,153.93,130068
2020-10-28,151.43,153.02,149.92,150.26,118041
2020-10-29,150.64,153.98,149.9,152.8,77731
2020-10-30,151.62,152.76,148.12,150.28,114385
2020-11-02,152.93,154.63,152.33,154.3,76511
2020-11-03,155.72,156.8,154.45,154.7,143307
2020-11-04,157.32,166.99,157.32,165.17,240322
2020-11-05,165.8,167.43,161.51,162.03,106895
2020-11-06,161.61,161.96,157.88,160.42,142746
2020-11-09,166.87,167.07,156.42,156.53,122866
2020-11-10,157.34,158.12,152.13,154.04,185185
2020-11-11,156.74,157.17,154.86,156.42,105813
2020-11-12,155.84,157.81,155.3,156.56,63417
2020-11-13,156.83,158.32,155.99,157.2,132144
2020-11-16,157.87,159.65,156.08,156.7,76177
2020-11-17,156.17,157.43,155.53,156.77,47671
2020-11-18,156.99,157.58,154.97,155.07,54149
2020-11-19,155.97,158.17,155.22,157.65,74379
2020-11-20,158.74,159.32,157.48,157.5,60547
2020-11-23,158.08,158.48,153.74,155.76,74178
2020-11-24,156.76,157.52,152.11,152.72,109742
2020-11-25,153.62,153.62,150.94,151.8,90393
2020-11-27,152.93,153.52,152.02,153.03,55686
2020-11-30,153.63,153.76,151.33,151.95,124042
2020-12-01,153.43,153.92,151.66,153.08,86747
2020-12-02,152.24,153.22,150.24,150.65,97384
2020-12-03,150.43,150.61,148.34,148.86,81207
2020-12-04,148.63,149.86,148.58,149.72,59690
2020-12-07,149.5,150.88,149.47,150.21,74443
2020-12-08,149.14,151.16,148.31,150.68,83452
2020-12-09,151.14,151.81,149.48,150.35,62181
2020-12-10,151.24,152.05,149.69,149.7,46842
2020-12-11,149.69,151.28,149.05,151.28,45205
2020-12-14,151.84,154.32,150.82,151.31,68251
2020-12-15,152.26,153.54,150.12,153.51,79713
2020-12-16,154.02,154.71,152.2,152.2,76758
2020-12-17,153.15,155.09,153.13,154.13,70310
2020-12-18,154.63,155.96,152.73,155.11,63903
2020-12-21,152.84,153.07,150.27,152.49,51539
2020-12-22,152.37,153.9,151.36,153.39,37919
2020-12-23,153.65,154.37,151.76,151.83,36728
2020-12-24,151.86,153.38,151.58,152.39,24927
2020-12-28,153.16,154.3,152.21,153.92,74289
2020-12-29,155.06,156.28,153.98,154.61,43293
2020-12-30,155.13,155.99,154.66,155.9,35634
2020-12-31,155.42,156.86,154.79,156.81,33402
2021-01-04,157.3,157.46,152.45,155.08,65500
2021-01-05,154.69,156.61,154.08,156.12,54323
2021-01-06,154.41,159.16,154.38,158.47,87131
2021-01-07,158.82,160.0,158.12,158.34,90487
2021-01-08,158.85,160.97,158.0,159.28,91149
2021-01-11,159.15,161.54,159.01,160.59,39584
2021-01-12,160.16,160.74,155.84,157.48,82490
2021-01-13,157.19,157.39,153.21,153.55,130375
2021-01-14,154.59,154.75,152.54,152.54,234764
2021-01-15,152.9,153.55,151.3,153.18,167496
2021-01-19,154.64,155.64,153.12,154.3,58242
2021-01-20,153.94,155.86,153.63,155.2,52949
2021-01-21,154.72,157.29,154.45,156.2,60211
2021-01-22,156.46,156.46,154.43,155.15,38229
2021-01-25,154.53,154.65,152.42,152.98,63413
2021-01-26,153.38,153.45,150.6,151.66,126181
2021-01-27,149.94,150.21,144.93,145.17,131790
2021-01-28,146.69,152.43,146.53,148.71,105827
2021-01-29,147.93,148.61,144.61,146.43,102902
2021-02-01,148.48,149.05,146.47,147.73,131012
2021-02-02,149.81,151.6,149.34,149.41,118230
2021-02-03,149.33,150.12,147.29,147.38,76746
2021-02-04,148.25,149.28,146.83,149.11,98324
2021-02-05,150.04,152.14,149.73,151.22,88331
2021-02-08,152.26,153.63,150.51,151.92,56238
2021-02-09,151.68,153.46,151.66,151.72,74795
2021-02-10,153.35,154.42,152.08,152.42,85259
2021-02-11,153.01,156.33,152.5,156.17,70227
2021-02-12,155.36,159.2,155.36,158.41,124827
2021-02-16,160.09,161.28,155.71,157.99,227561
2021-02-17,157.34,161.23,157.27,160.27,69344
2021-02-18,159.42,161.36,157.4,159.42,99167
2021-02-19,159.51,159.51,151.4,151.91,187382
2021-02-22,150.87,152.8,150.43,151.99,148545
2021-02-23,152.3,153.59,151.23,151.37,105349
2021-02-24,153.02,153.26,150.93,150.98,100187
2021-02-25,150.55,151.09,147.9,148.61,97917
2021-02-26,148.99,149.33,147.15,147.51,120205
2021-03-01,148.35,151.76,148.09,149.73,71702
2021-03-02,150.2,150.4,147.73,149.03,84017
2021-03-03,147.39,147.63,141.65,141.75,248143
2021-03-04,140.7,141.45,135.11,136.69,350958
2021-03-05,137.78,138.62,134.28,138.3,268977
2021-03-08,140.08,141.96,137.74,137.82,93949
2021-03-09,139.88,145.62,139.88,142.58,182266
2021-03-10,143.07,144.94,141.5,143.39,176741
2021-03-11,145.05,145.75,144.56,144.6,43359
2021-03-12,144.3,145.09,143.24,144.69,37316
2021-03-15,145.05,147.59,145.05,146.98,102816
2021-03-16,147.35,148.3,146.62,147.17,119379
2021-03-17,146.26,149.04,146.26,148.17,102340
2021-03-18,147.35,147.95,144.16,144.65,137511
2021-03-19,145.49,147.0,144.28,145.37,94517
2021-03-22,145.61,147.97,145.32,147.75,91394
2021-03-23,148.24,149.28,146.39,148.12,128271
2021-03-24,147.65,149.22,147.41,147.8,162916
2021-03-25,147.81,147.81,144.05,145.14,100073
2021-03-26,145.61,148.26,144.94,148.25,74473
2021-03-29,148.09,151.06,147.8,150.37,89744
2021-03-30,149.76,150.08,148.61,149.05,89066
2021-03-31,149.72,150.55,149.04,149.52,66414
2021-04-01,149.83,150.73,148.36,149.88,94410
2021-04-05,150.44,151.18,149.71,150.38,114842
2021-04-06,150.51,151.1,147.54,148.05,142330
2021-04-07,148.22,150.05,148.22,149.79,81762
2021-04-08,150.67,152.53,150.67,151.83,106307
2021-04-09,152.15,152.69,150.45,151.8,57097
2021-04-12,151.96,154.84,150.8,154.31,115329
2021-04-13,153.79,155.63,153.31,155.14,55420
2021-04-14,156.24,156.34,154.45,154.85,63353
2021-04-15,155.96,157.83,155.96,157.08,49212
2021-04-16,157.67,159.73,157.67,159.17,81965
2021-04-20,160.12,161.21,159.39,160.36,77739
2021-04-21,161.69,162.7,160.56,161.8,76606
2021-04-22,161.49,161.59,159.68,160.7,73093
2021-04-23,160.77,162.85,160.26,162.08,52552
2021-04-26,162.4,162.4,160.7,161.44,51044
2021-04-27,161.67,162.38,160.8,161.51,82966
2021-04-28,161.48,163.69,161.19,163.31,64562
2021-04-29,163.77,166.16,163.77,165.92,133828
2021-04-30,165.22,166.24,164.16,164.37,95094
2021-05-03,166.11,167.51,164.9,166.6,113129
2021-05-04,165.82,166.06,163.96,165.21,104805
2021-05-05,165.96,165.96,163.9,165.3,91030
2021-05-06,157.92,160.12,157.78,159.21,230927
2021-05-07,161.39,164.59,161.39,163.17,94817
2021-05-10,163.52,164.7,162.67,163.0,93942
2021-05-11,161.79,162.65,161.09,161.91,112076
2021-05-12,161.39,161.84,159.26,159.8,82400
2021-05-13,159.7,162.82,159.67,162.43,102228
2021-05-14,163.31,164.34,162.44,163.95,54360
2021-05-17,163.32,164.18,161.79,161.84,43713
2021-05-18,161.55,162.4,160.4,161.78,57770
2021-05-19,160.62,162.89,159.6,162.85,40527
2021-05-20,162.81,167.18,162.81,167.18,135244
2021-05-21,168.13,168.56,166.55,167.35,82469
2021-05-24,168.1,169.76,167.33,167.76,65680
2021-05-25,167.51,168.03,166.1,167.96,37142
2021-05-26,168.71,169.62,166.17,166.66,65434
2021-05-27,166.55,167.79,165.81,166.06,54405
2021-05-28,167.36,169.38,167.27,167.98,72536
2021-06-01,168.64,168.66,165.32,165.55,53367
2021-06-02,165.23,166.3,163.75,164.44,43708
2021-06-03,164.55,165.89,163.49,165.23,40461
2021-06-04,166.14,167.41,165.5,166.52,38316
2021-06-07,166.63,168.0,165.99,166.45,90807
2021-06-08,166.92,167.06,164.61,165.47,28309
2021-06-09,166.32,168.19,166.06,167.93,28060
2021-06-10,168.52,173.8,168.29,173.15,100829
2021-06-11,173.22,173.63,170.8,173.28,89589
2021-06-14,172.87,175.63,172.27,175.4,38254
2021-06-15,175.34,176.86,174.9,176.47,45972
2021-06-16,176.84,177.64,174.42,175.1,74239
2021-06-17,175.08,177.69,174.86,177.25,60439
2021-06-18,176.62,177.71,175.46,176.31,97472
2021-06-21,176.37,178.04,174.88,177.42,49720
2021-06-22,177.23,177.72,176.8,177.45,32667
2021-06-23,176.38,177.08,176.24,176.92,55342
2021-06-24,177.63,178.1,175.87,176.25,46844
2021-06-25,176.37,177.94,175.57,177.94,40856
2021-06-28,178.14,178.65,176.5,177.86,106022
2021-06-29,178.07,178.9,177.25,178.81,36648
2021-06-30,178.94,178.94,176.49,177.17,58750
2021-07-01,177.6,180.11,177.58,180.11,90667
2021-07-02,180.84,183.52,180.6,183.28,49928
2021-07-06,183.14,184.6,182.74,184.47,57697
2021-07-07,184.08,187.89,184.06,187.89,105565
2021-07-08,186.5,187.4,183.92,187.25,101137
2021-07-09,187.69,188.61,186.55,187.74,70096
2021-07-12,188.22,189.42,187.87,188.54,51264
2021-07-13,189.39,190.69,188.59,189.62,181167
2021-07-14,189.98,192.08,189.75,191.37,68080
2021-07-15,190.15,191.25,189.23,190.38,66768
2021-07-16,189.83,190.04,187.87,189.88,108560
2021-07-19,188.77,189.56,186.05,188.18,93473
2021-07-20,188.5,191.76,188.32,190.52,77950
2021-07-21,190.93,190.93,187.67,188.53,91036
2021-07-22,188.81,191.22,188.81,190.95,96511
2021-07-23,191.69,194.1,191.23,193.85,36619
2021-07-26,193.05,193.05,190.63,191.17,44078
2021-07-27,191.98,192.88,191.42,192.19,43425
2021-07-28,192.58,194.06,191.94,193.48,39437
2021-07-29,194.67,195.65,193.88,194.28,43989
2021-07-30,193.54,194.34,192.56,192.92,99088
2021-08-02,193.83,194.54,191.86,192.42,70382
2021-08-03,193.42,194.51,192.69,194.24,84341
2021-08-04,193.93,196.95,193.93,195.03,63534
2021-08-05,186.84,194.16,186.72,194.1,152114
2021-08-06,193.83,193.97,190.56,192.1,53390
2021-08-09,193.07,193.07,189.25,190.17,40608
2021-08-10,190.59,191.14,188.69,189.23,51627
2021-08-11,190.04,190.04,187.53,187.9,49493
2021-08-12,187.96,190.74,187.96,190.14,32891
2021-08-13,190.94,191.88,190.13,191.86,34434
2021-08-16,192.36,194.98,191.68,194.98,27534
2021-08-17,194.78,196.7,194.78,196.68,91726
2021-08-18,196.27,196.79,193.45,193.47,34199
2021-08-19,193.36,197.9,193.21,196.52,45499
2021-08-20,197.23,198.22,196.84,197.12,44027
2021-08-23,197.8,198.43,196.15,196.6,43980
2021-08-24,196.62,196.62,194.74,195.17,31732
2021-08-25,194.66,195.17,193.32,194.6,36532
2021-08-26,195.19,195.25,193.64,194.26,36235
2021-08-27,194.97,196.11,193.84,194.03,40733
2021-08-30,194.93,197.01,194.82,195.96,35443
2021-08-31,195.85,196.05,193.41,194.91,31814
2021-09-01,194.36,196.45,193.7,196.45,47656
2021-09-02,197.26,199.19,196.89,199.16,52785
2021-09-03,198.75,199.98,197.29,199.65,45764
2021-09-07,199.6,199.6,195.71,197.87,34707
2021-09-08,197.56,199.32,196.72,199.2,56926
2021-09-09,199.9,199.9,196.05,196.17,45333
2021-09-10,196.95,197.82,196.53,197.15,40535
2021-09-13,198.54,198.54,192.6,195.09,82866
2021-09-14,195.38,196.52,193.6,193.7,78405
2021-09-15,194.14,195.3,192.78,194.24,76427
2021-09-16,194.07,194.07,191.88,193.04,39083
2021-09-17,191.63,192.58,188.38,188.97,179608
2021-09-20,187.26,190.19,187.17,189.06,60350
2021-09-21,190.2,192.04,190.2,191.49,56824
2021-09-22,192.44,193.78,190.78,191.78,73128
2021-09-23,193.46,196.04,193.46,194.91,44998
2021-09-24,194.39,195.59,194.03,194.91,33379
2021-09-27,194.19,194.19,187.21,188.38,114669
2021-09-28,186.49,186.49,182.17,183.47,98868
2021-09-29,184.95,187.05,183.42,185.59,74473
2021-09-30,186.9,188.49,184.75,184.83,67873
2021-10-01,185.12,187.92,183.49,186.73,87110
2021-10-04,186.34,186.42,181.76,184.38,115433
2021-10-05,185.77,188.01,184.41,186.97,52361
2021-10-06,186.09,186.55,184.23,186.35,67493
2021-10-07,188.7,191.68,188.7,189.44,38442
2021-10-08,189.57,189.57,187.03,188.44,22988
2021-10-11,187.1,189.37,186.68,188.19,42464
2021-10-12,189.28,189.28,186.4,187.68,40657
2021-10-13,188.38,189.38,186.45,188.03,57501
2021-10-14,190.1,191.84,189.31,190.78,32407
2021-10-15,191.99,192.97,191.24,192.47,34956
2021-10-18,192.19,193.13,191.18,193.01,60298
2021-10-19,193.93,196.24,193.93,194.61,32441
2021-10-20,195.63,196.62,195.13,196.34,44969
2021-10-21,196.93,198.75,195.63,198.61,60523
2021-10-22,198.02,198.76,197.11,198.52,48483
2021-10-26,200.28,201.56,198.0,200.44,55078
2021-10-27,200.3,200.93,198.99,199.42,61167
2021-10-28,200.09,203.41,200.09,202.75,55965
2021-10-29,203.0,206.64,203.0,206.03,42061
2021-11-01,205.73,207.37,203.1,203.63,77390
2021-11-02,204.29,205.22,201.4,202.33,99079
2021-11-03,202.06,202.45,198.99,201.09,90425
2021-11-04,203.76,207.68,203.64,207.59,100864
2021-11-05,207.88,208.15,204.69,206.86,100475
2021-11-08,207.9,208.11,205.91,207.52,50904
2021-11-09,207.92,209.92,207.22,209.92,50035
2021-11-10,208.85,210.38,205.9,206.39,70728
2021-11-11,206.88,206.88,205.32,205.58,146032
2021-11-12,206.35,207.4,205.47,206.73,92435
2021-11-15,206.78,206.78,205.58,205.75,50389
2021-11-16,205.99,211.11,205.99,209.95,46719
2021-11-17,210.94,212.13,207.23,211.48,78359
2021-11-18,214.16,215.51,213.03,214.96,103970
2021-11-19,216.09,217.04,213.81,215.77,71284
2021-11-22,216.98,218.11,213.85,213.85,64611
2021-11-23,213.07,214.13,210.98,213.21,30738
2021-11-24,213.41,213.41,210.76,212.7,49057
2021-11-26,210.16,214.19,208.38,209.23,43146
2021-11-29,211.58,214.93,210.61,213.06,45983
2021-11-30,210.54,215.54,210.53,211.42,99014
2021-12-01,211.89,213.99,208.96,209.35,83213
2021-12-02,209.44,213.36,209.42,212.56,77861
2021-12-03,214.9,215.34,210.18,212.83,75542
2021-12-06,213.97,214.04,210.76,212.55,55051
2021-12-07,214.25,216.72,213.84,214.97,48302
2021-12-08,217.32,219.07,216.41,218.88,54729
2021-12-09,219.21,220.13,216.95,219.26,55442
2021-12-10,218.87,220.91,218.7,220.54,64880
2021-12-13,220.61,222.05,218.98,221.39,47412
2021-12-14,219.35,219.85,215.87,217.33,74874
2021-12-15,219.95,221.36,216.84,221.32,145861
2021-12-16,221.78,223.08,220.02,221.77,63442
2021-12-17,221.44,225.24,221.44,223.28,108808
2021-12-20,223.28,223.53,219.54,223.32,44667
2021-12-21,224.89,226.81,221.67,226.51,103587
2021-12-22,227.32,230.29,226.83,230.26,43001
2021-12-23,229.86,232.73,229.86,231.05,46393
2021-12-27,234.5,235.11,231.69,234.93,53787
2021-12-28,235.66,236.0,232.28,232.76,65577
2021-12-29,232.72,236.14,232.72,235.49,36078
2021-12-30,236.13,236.13,233.56,233.74,49958
2021-12-31,235.36,235.36,232.31,232.57,50920
2022-01-03,231.62,231.62,222.4,222.6,134449
2022-01-04,222.79,222.79,211.81,214.4,220342
2022-01-05,215.76,216.16,205.56,206.51,223529
2022-01-06,205.62,210.18,203.67,207.24,123902
2022-01-07,206.36,206.36,201.03,201.2,114638
2022-01-10,197.82,202.62,197.29,202.62,127804
2022-01-11,201.34,203.12,198.73,203.02,76343
2022-01-12,205.92,205.92,201.38,202.65,60700
2022-01-13,202.05,203.58,196.76,197.31,100632
2022-01-14,197.23,197.58,193.87,196.43,101400
2022-01-18,192.45,194.5,191.04,193.24,81932
2022-01-19,195.51,196.49,191.03,191.44,86500
2022-01-20,192.0,196.86,192.0,192.95,130220
2022-01-21,192.55,194.44,191.27,191.27,109007
2022-01-24,188.26,188.51,185.2,186.19,57916
2022-01-25,189.64,189.64,185.32,186.35,169814
2022-01-26,185.41,186.97,182.64,182.67,149988
2022-01-27,182.18,184.02,179.08,179.09,174974
2022-01-28,179.34,186.69,177.32,186.4,187915
2022-01-31,187.61,191.31,187.28,190.72,141588
2022-02-01,192.48,193.04,187.26,189.84,124442
2022-02-02,189.98,194.01,189.98,192.97,118675
2022-02-03,190.61,192.69,190.25,191.8,68927
2022-02-04,190.03,191.97,189.0,190.58,90339
2022-02-07,190.86,192.77,190.49,191.15,77400
2022-02-08,189.77,192.5,188.9,192.17,82201
2022-02-09,194.54,195.92,192.36,193.07,129917
2022-02-10,189.45,193.0,189.16,190.34,138886
2022-02-11,191.29,192.73,188.55,189.84,128787
2022-02-14,188.69,190.21,185.66,187.54,111628
2022-02-15,189.02,192.24,188.1,188.78,146728
2022-02-16,187.59,187.59,182.61,186.22,167722
2022-02-17,186.18,186.67,184.25,184.25,102086
2022-02-18,184.3,184.36,181.81,182.53,109000
2022-02-22,182.69,183.38,180.33,181.42,51617
2022-02-23,182.5,182.54,178.43,178.48,138029
2022-02-24,175.15,182.98,175.15,182.12,131479
2022-02-25,183.15,186.8,182.92,185.89,87986
2022-02-28,184.04,186.45,183.18,184.75,91687
2022-03-01,185.59,185.89,182.73,183.63,112087
2022-03-02,185.01,188.32,184.59,187.19,66502
2022-03-03,187.78,188.2,185.74,186.93,67111
2022-03-04,185.81,187.96,184.67,187.9,66515
2022-03-07,185.7,186.05,179.46,179.54,104170
2022-03-09,176.98,182.05,175.66,180.92,117230
2022-03-10,178.69,180.95,177.77,180.62,87822
2022-03-11,181.54,181.54,176.81,176.83,68254
2022-03-14,177.63,178.73,175.54,176.19,136933
2022-03-15,177.9,181.01,177.55,180.66,62508
2022-03-16,182.22,184.84,179.06,183.36,102122
2022-03-17,183.79,185.82,183.74,184.71,86212
2022-03-18,185.76,187.26,184.73,186.9,74916
2022-03-21,186.25,187.5,183.93,185.93,84529
2022-03-22,186.27,188.37,184.62,188.15,89388
2022-03-23,185.22,185.31,182.25,182.53,66545
2022-03-24,182.55,182.55,180.49,180.9,104561
2022-03-25,182.34,182.74,179.72,180.86,87014
2022-03-28,181.65,182.64,179.1,180.72,305369
2022-03-29,184.08,185.48,183.1,183.53,117165
2022-03-30,182.9,184.02,181.09,182.69,99158
2022-03-31,183.89,185.87,179.99,179.99,98573
2022-04-01,180.48,182.76,178.52,182.48,81995
2022-04-04,182.98,183.21,178.7,180.18,111606
2022-04-05,180.24,181.98,179.24,179.84,124821
2022-04-06,179.13,183.57,178.16,182.62,123232
2022-04-07,183.25,190.23,183.25,189.04,143708
2022-04-08,189.06,192.16,189.06,190.93,158572
2022-04-11,189.71,189.71,183.32,183.44,126081
2022-04-12,183.55,184.38,178.71,179.32,110604
2022-04-13,180.11,181.38,177.72,180.91,58819
2022-04-14,180.93,181.24,178.07,178.75,99679
2022-04-18,178.56,178.56,173.47,174.49,123295
2022-04-19,175.1,177.89,175.1,177.58,51488
2022-04-20,178.1,182.43,177.1,179.58,66872
2022-04-21,180.2,180.79,175.71,176.88,55029
2022-04-22,175.89,176.27,173.74,174.03,91495
2022-04-25,173.07,173.07,168.74,172.48,127647
2022-04-26,170.98,171.46,169.08,169.78,78862
2022-04-27,169.8,172.27,169.47,170.69,95231
2022-04-28,172.18,174.07,170.45,173.5,124183
2022-04-29,172.89,173.64,169.09,169.56,100699
2022-05-02,168.9,169.37,164.09,167.17,281813
2022-05-03,167.16,168.93,166.06,167.52,130150
2022-05-04,163.22,169.85,160.67,169.2,251773
2022-05-05,172.21,172.39,162.1,163.99,176232
2022-05-06,162.33,163.84,160.23,161.7,168907
2022-05-09,159.82,160.28,154.13,154.78,136647
2022-05-10,157.21,157.29,152.17,155.6,140810
2022-05-11,155.5,156.88,152.35,152.87,124122
2022-05-12,152.14,156.5,152.14,156.08,136029
2022-05-13,157.77,160.66,157.04,158.08,151055
2022-05-16,157.11,158.93,155.24,158.31,71708
2022-05-17,160.34,161.12,157.89,159.1,96002
2022-05-18,157.92,157.92,151.19,152.05,127680
2022-05-19,151.29,153.25,149.97,151.72,96927
2022-05-20,154.28,155.64,152.11,155.48,131214
2022-05-23,156.96,157.43,155.36,155.96,58096
2022-05-24,155.71,156.7,154.29,156.11,79479
2022-05-25,155.15,157.21,154.88,155.96,81900
2022-05-26,156.38,159.21,155.89,158.69,72977
2022-05-27,160.05,164.58,160.05,164.58,72918
2022-05-31,161.97,165.18,161.46,163.43,106612
2022-06-01,164.01,164.11,158.49,159.74,118778
2022-06-02,159.86,165.23,159.2,165.06,65205
2022-06-03,163.43,163.49,161.28,161.64,73262
2022-06-06,163.02,164.57,162.67,163.52,69950
2022-06-07,163.79,166.56,163.65,166.09,77615
2022-06-08,164.97,166.9,163.69,163.75,89427
2022-06-09,162.64,163.6,159.12,159.25,40001
2022-06-10,157.02,157.72,154.38,154.43,59457
2022-06-13,150.97,151.08,147.68,149.22,106873
2022-06-14,149.13,151.36,148.13,150.89,102359
2022-06-15,152.37,153.15,148.81,151.2,100529
2022-06-16,149.26,151.17,147.51,150.64,152485
2022-06-17,150.44,154.46,150.02,152.0,142885
2022-06-21,153.39,155.6,153.36,154.94,102569
2022-06-22,154.16,158.93,154.16,157.15,110424
2022-06-23,158.94,161.97,158.46,161.76,219487
2022-06-24,164.85,166.98,164.13,166.97,111880
2022-06-27,167.01,167.55,165.39,166.01,67557
2022-06-28,165.5,166.72,162.59,162.64,62902
2022-06-29,164.43,167.47,162.73,166.21,90949
2022-06-30,165.29,165.93,162.44,164.47,87875
2022-07-01,164.21,166.84,163.12,166.49,72694
2022-07-05,165.22,166.67,162.33,166.57,66176
2022-07-06,167.37,171.93,166.99,170.69,69537
2022-07-07,170.05,172.04,170.05,171.21,57968
2022-07-08,170.18,171.53,169.89,170.13,32784
2022-07-11,170.22,170.54,168.88,169.24,41777
2022-07-12,169.14,171.36,165.63,166.38,60380
2022-07-13,162.9,163.4,160.2,160.47,107731
2022-07-14,158.5,163.45,158.5,163.31,57081
2022-07-15,165.98,167.43,165.7,166.9,49659
2022-07-18,167.31,168.53,163.86,164.26,85445
2022-07-19,166.39,169.9,165.95,169.76,105997
2022-07-20,170.31,170.62,168.36,168.83,64053
2022-07-21,169.1,173.14,168.97,173.01,113039
2022-07-22,172.61,173.4,169.87,170.83,65605
2022-07-25,170.61,170.61,166.88,167.82,70324
2022-07-26,168.28,169.31,166.71,168.95,62300
2022-07-27,169.11,170.56,167.99,170.04,42910
2022-07-28,170.92,176.09,170.0,174.62,131356
2022-07-29,174.24,175.18,172.59,174.91,86899
2022-08-01,173.31,174.48,171.85,172.27,93405
2022-08-02,172.31,173.86,170.38,171.33,71171
2022-08-03,172.29,173.26,171.01,172.51,82552
2022-08-04,173.32,173.59,165.57,167.06,184007
2022-08-05,165.1,167.73,163.76,167.27,104493
2022-08-08,167.4,169.02,166.18,166.76,88042
2022-08-09,166.07,166.24,162.19,162.37,72227
2022-08-10,165.08,166.88,164.86,166.76,85158
2022-08-11,166.14,168.19,165.58,166.13,88055
2022-08-12,167.87,168.41,165.87,168.16,34366
2022-08-15,168.2,168.6,166.01,167.06,87046
2022-08-16,166.51,166.74,162.19,164.55,96963
2022-08-17,164.34,167.43,164.18,165.19,58958
2022-08-18,165.5,165.5,162.7,163.06,56884
2022-08-19,163.29,164.52,162.11,162.42,37854
2022-08-22,161.1,161.41,157.22,158.32,47524
2022-08-23,156.81,157.43,155.16,155.67,93014
2022-08-24,156.45,156.9,155.36,155.85,61794
2022-08-25,155.95,158.68,155.69,158.68,38902
2022-08-26,158.72,159.08,152.96,153.17,76088
2022-08-29,151.63,152.42,151.04,151.26,60697
2022-08-30,151.96,151.96,150.21,150.51,73594
2022-08-31,152.19,152.54,149.81,150.15,71233
2022-09-01,148.48,153.0,148.31,152.91,131530
2022-09-02,153.87,154.83,149.52,150.37,69159
2022-09-06,151.4,152.83,149.73,150.31,53296
2022-09-07,150.94,154.04,149.9,153.72,43469
2022-09-08,151.8,153.9,148.09,151.72,124111
2022-09-09,154.73,157.69,154.62,157.38,112725
2022-09-12,158.24,160.11,158.24,159.54,82822
2022-09-13,156.15,156.49,153.7,154.27,103859
2022-09-14,154.44,154.88,152.83,153.56,90426
2022-09-15,154.07,154.76,152.09,152.51,72502
2022-09-16,152.04,152.2,148.92,150.67,95392
2022-09-19,149.44,150.65,148.46,150.62,64669
2022-09-20,149.31,149.31,145.42,146.46,81851
2022-09-21,147.03,149.25,144.63,145.11,90699
2022-09-22,144.96,144.96,142.72,143.15,85013
2022-09-23,142.65,144.02,141.73,143.83,73794
2022-09-26,143.88,145.02,142.29,142.49,59739
2022-09-27,143.52,144.71,141.59,143.2,86400
2022-09-28,145.23,147.52,143.85,145.9,100721
2022-09-29,145.36,145.8,143.75,144.75,71063
2022-09-30,144.17,145.61,141.92,142.21,118976
2022-10-03,143.07,146.36,142.28,144.97,68971
2022-10-04,146.88,148.74,146.6,148.25,79145
2022-10-05,146.79,149.1,145.7,147.9,65627
2022-10-06,147.55,148.45,145.91,146.11,67988
2022-10-07,144.92,144.92,140.78,141.23,87417
2022-10-10,141.43,141.73,138.38,139.76,102560
2022-10-11,139.68,142.15,138.59,140.23,76424
2022-10-12,140.6,141.77,139.75,139.75,61777
2022-10-13,136.49,143.56,136.15,142.35,71183
2022-10-14,143.08,144.29,139.02,139.34,118085
2022-10-17,141.63,144.08,141.63,143.48,69357
2022-10-18,147.75,147.89,143.58,144.24,103845
2022-10-19,143.01,143.3,139.9,141.93,89373
2022-10-20,141.28,141.89,138.15,138.39,80149
2022-10-21,138.21,141.47,136.28,141.01,163224
2022-10-24,142.87,144.19,142.16,143.22,61624
2022-10-25,143.48,146.14,143.14,145.85,85470
2022-10-26,145.74,148.32,144.82,145.28,116565
2022-10-27,146.0,146.36,143.29,144.87,118807
2022-10-28,145.46,147.29,144.24,146.9,75042
2022-10-31,146.21,146.99,143.88,144.78,100585
2022-11-01,145.3,148.73,144.53,146.66,148047
2022-11-02,146.59,147.04,141.36,141.38,139056
2022-11-03,128.64,128.64,119.41,125.98,543344
2022-11-04,126.64,128.49,122.78,128.46,213595
2022-11-07,128.73,133.02,128.23,132.33,229667
2022-11-08,132.06,134.83,130.12,130.8,125465
2022-11-09,130.38,130.38,127.59,127.95,141827
2022-11-10,133.08,137.26,131.4,136.83,406170
2022-11-11,137.0,143.28,136.93,142.7,240340
2022-11-14,143.01,143.46,140.56,140.62,133152
2022-11-15,142.9,145.63,142.26,143.82,143053
2022-11-16,144.24,145.21,142.0,142.37,145580
2022-11-17,140.78,140.78,137.04,137.92,238118
2022-11-18,140.46,140.7,138.43,139.9,128229
2022-11-21,139.23,142.2,138.21,141.46,107727
2022-11-22,142.36,143.22,140.99,142.74,72679
2022-11-23,143.1,145.07,142.52,144.45,81673
2022-11-25,144.41,144.42,142.74,144.07,69187
2022-11-28,143.53,143.84,141.95,142.24,101109
2022-11-29,142.13,143.29,140.62,141.94,94786
2022-11-30,142.52,148.01,141.71,147.96,120610
2022-12-01,149.93,151.22,148.99,150.43,127651
2022-12-02,147.84,151.61,147.73,151.17,113850
2022-12-05,148.99,150.22,148.48,149.19,152860
2022-12-06,148.22,148.88,146.05,146.9,165847
2022-12-07,147.26,147.48,143.44,144.22,189568
2022-12-08,144.87,148.19,143.37,147.54,157397
2022-12-09,148.04,149.77,146.67,147.36,196177
2022-12-12,148.03,148.14,146.16,146.71,179475
2022-12-13,151.57,151.93,146.1,148.9,173316
2022-12-14,148.3,149.87,145.31,145.86,120778
2022-12-15,143.78,145.23,142.66,142.86,103929
2022-12-16,141.59,141.66,138.18,138.65,174017
2022-12-19,138.14,138.63,136.4,137.49,68407
2022-12-20,136.82,137.22,135.23,136.89,78339
2022-12-21,137.73,140.2,137.21,139.14,58641
2022-12-22,138.55,139.28,136.31,139.22,67146
2022-12-23,139.04,140.03,138.04,139.93,34015
2022-12-27,139.81,140.22,137.9,139.37,43917
2022-12-28,140.29,140.69,138.07,138.12,60880
2022-12-29,139.56,142.54,139.56,142.22,54245
2022-12-30,141.42,141.42,139.11,140.72,55546
2023-01-03,142.44,142.6,139.45,141.0,80752
2023-01-04,143.0,144.76,142.09,143.0,109341
2023-01-05,142.05,142.18,138.52,139.64,85980
2023-01-06,140.8,142.66,135.98,141.75,99708
2023-01-09,142.79,143.43,141.14,141.17,96865
2023-01-10,141.58,148.5,141.58,148.28,204044
2023-01-11,149.95,152.18,149.44,151.6,221988
2023-01-12,151.33,154.03,150.61,153.53,200033
2023-01-13,152.21,154.93,152.21,154.62,184201
2023-01-17,154.39,155.79,152.67,153.1,203980
2023-01-18,154.64,155.73,153.15,153.58,203397
2023-01-19,153.03,157.01,152.96,155.87,201607
2023-01-20,157.82,158.52,155.98,157.65,164005
2023-01-23,156.08,161.23,156.08,160.47,181523
2023-01-24,162.61,163.09,158.64,159.7,166478
2023-01-25,159.46,160.41,157.65,159.28,113452
2023-01-26,160.42,161.92,159.94,161.92,95243
2023-01-27,160.89,160.89,158.31,158.93,105901
2023-01-30,158.16,159.25,157.9,158.42,100142
2023-01-31,158.37,159.46,156.55,159.24,215339
2023-02-01,160.06,162.34,158.4,161.28,154412
2023-02-02,161.42,164.78,160.53,164.67,183934
2023-02-03,161.73,162.37,160.21,161.47,104945
2023-02-06,159.46,159.89,157.96,158.75,104447
2023-02-07,157.5,160.03,156.69,159.33,84459
2023-02-08,158.54,158.74,155.27,155.94,102566
2023-02-09,157.22,158.52,154.51,154.76,66208
2023-02-10,153.74,154.14,151.96,152.34,135424
2023-02-13,152.33,157.14,152.33,157.07,132016
2023-02-14,166.46,169.95,163.0,165.45,160622
2023-02-15,165.13,168.64,164.37,168.38,102744
2023-02-16,167.34,169.72,166.08,167.46,107617
2023-02-17,166.05,166.25,163.88,165.49,109956
2023-02-21,164.89,165.6,162.32,163.45,88103
2023-02-22,161.71,162.33,159.65,160.12,99673
2023-02-23,161.04,163.31,160.0,163.13,81804
2023-02-24,161.25,161.73,157.94,159.99,89781
2023-02-27,161.64,161.84,158.81,159.21,55403
2023-02-28,159.07,162.18,159.01,160.59,107948
2023-03-01,160.35,161.61,159.84,161.21,58819
2023-03-02,160.47,162.94,159.95,162.16,81430
2023-03-03,164.06,164.12,161.82,164.05,111533
2023-03-06,164.26,165.47,163.31,163.32,49129
2023-03-07,163.41,164.35,160.64,160.75,43250
2023-03-08,161.25,162.71,160.42,162.32,45131
2023-03-09,163.01,163.97,160.93,161.25,98792
2023-03-10,156.91,157.09,154.12,155.44,211577
2023-03-13,155.47,158.62,154.0,157.26,163596
2023-03-14,158.73,160.28,156.44,158.5,84966
2023-03-15,155.77,157.17,154.2,157.15,89705
2023-03-16,156.84,160.46,156.45,160.06,105852
2023-03-17,160.99,161.65,157.54,158.34,72542
2023-03-20,158.25,159.69,158.02,159.55,52569
2023-03-21,160.15,160.59,158.94,159.97,60050
2023-03-22,159.1,159.6,155.36,155.36,81430
2023-03-23,156.4,159.18,153.4,155.06,152021
2023-03-24,154.41,158.67,153.96,158.0,131173
2023-03-27,159.53,160.43,158.14,159.44,56891
2023-03-28,159.14,159.52,157.91,158.81,64161
2023-03-29,160.31,160.31,155.27,156.54,115734
2023-03-30,157.79,158.38,157.31,157.98,63703
2023-03-31,158.8,160.18,157.85,160.16,43358
2023-04-03,160.03,161.56,158.18,161.35,74811
2023-04-04,161.13,163.0,160.26,160.74,98114
2023-04-05,160.57,162.22,160.56,161.34,54588
2023-04-06,161.54,162.63,160.25,162.63,46069
2023-04-10,160.69,164.68,160.49,164.43,76945
2023-04-11,165.62,165.79,164.42,164.58,65136
2023-04-12,166.46,168.16,164.74,164.92,71766
2023-04-13,165.82,167.44,164.58,167.05,47003
2023-04-14,166.98,168.08,166.21,168.07,66409
2023-04-17,167.42,168.22,165.89,168.04,36338
2023-04-18,168.84,168.84,166.45,167.95,66119
2023-04-19,167.48,169.32,167.38,168.39,56453
2023-04-20,167.95,168.72,166.35,168.18,50200
2023-04-21,169.73,170.88,168.69,170.62,58707
2023-04-24,170.8,170.85,169.5,170.15,56139
2023-04-25,169.62,169.84,166.7,166.84,47173
2023-04-26,166.64,167.26,165.62,166.84,45209
2023-04-27,166.4,167.89,165.13,167.84,77932
2023-04-28,168.44,170.68,168.13,169.47,70823
2023-05-01,169.68,173.53,169.46,173.13,55029
2023-05-02,172.76,173.38,169.96,170.58,78555
2023-05-03,173.09,174.07,171.05,171.37,110583
2023-05-04,163.17,176.19,161.57,172.1,196992
2023-05-05,173.64,180.92,170.67,179.45,217696
2023-05-08,180.09,180.09,176.99,178.28,86484
2023-05-09,177.39,178.56,176.9,177.83,112998
2023-05-10,179.57,179.71,176.84,178.58,137308
2023-05-11,179.14,179.51,176.76,178.54,66750
2023-05-12,176.96,177.91,175.41,177.05,79818
2023-05-15,177.08,177.63,176.28,177.3,37725
2023-05-16,176.1,176.1,174.56,175.03,36957
2023-05-17,175.19,175.3,171.6,172.6,54908
2023-05-18,172.21,173.75,169.71,173.4,81211
2023-05-19,174.33,175.61,172.83,173.04,50653
2023-05-22,172.47,174.88,171.95,172.92,86229
2023-05-23,170.3,171.4,165.4,166.61,78461
2023-05-24,164.86,165.14,162.54,163.14,179682
2023-05-25,163.12,163.12,157.8,159.36,154879
2023-05-26,159.68,160.67,158.5,158.82,66704
2023-05-30,158.62,159.48,154.92,155.27,65873
2023-05-31,155.27,157.5,153.05,157.2,97459
2023-06-01,156.49,160.26,155.88,160.07,106266
2023-06-02,160.83,166.32,160.79,165.82,163215
2023-06-05,166.19,166.44,164.11,165.05,54706
2023-06-06,165.61,165.61,162.38,164.15,66572
2023-06-07,163.48,163.48,157.11,157.79,198676
2023-06-08,157.74,158.85,156.67,158.49,126999
2023-06-09,157.63,158.21,157.25,157.25,57722
2023-06-12,157.21,159.71,157.21,159.71,65058
2023-06-13,159.96,161.24,159.75,160.1,84047
2023-06-14,161.01,161.42,159.28,159.7,153538
2023-06-15,159.65,166.01,159.65,165.31,43368
2023-06-16,166.14,166.73,164.36,164.58,44280
2023-06-20,163.03,163.77,161.04,162.92,215206
2023-06-21,162.11,164.35,162.07,163.85,85129
2023-06-22,164.72,165.04,163.48,164.08,68094
2023-06-23,163.13,163.55,161.31,162.37,54293
2023-06-26,162.02,162.3,158.85,161.57,44056
2023-06-27,163.13,164.97,161.42,164.63,54679
2023-06-28,164.23,164.34,162.78,163.1,48899
2023-06-29,163.03,165.77,162.41,165.74,47371
2023-06-30,168.09,168.23,165.62,165.95,57264
2023-07-03,164.06,164.59,162.75,164.11,28233
2023-07-05,162.98,163.66,161.75,163.33,64566
2023-07-06,161.68,163.5,161.3,162.5,38779
2023-07-07,161.88,162.53,160.26,161.17,44336
2023-07-10,162.68,164.19,162.64,164.1,44947
2023-07-11,164.45,165.13,163.48,164.1,44312
2023-07-12,166.0,166.81,164.59,165.63,70779
2023-07-13,166.12,166.81,164.9,164.97,27741
2023-07-14,165.59,167.04,165.18,166.07,91146
2023-07-17,165.7,166.07,163.69,164.69,85783
2023-07-18,163.63,165.32,163.12,165.06,55475
2023-07-19,166.38,166.57,164.61,164.76,67564
2023-07-20,165.81,166.39,164.42,165.87,127231
2023-07-21,168.22,178.58,168.06,177.36,172998
2023-07-24,177.05,179.9,176.41,179.4,167994
2023-07-25,178.41,186.76,178.37,183.79,527094
2023-07-26,183.11,186.39,181.9,185.6,146008
2023-07-27,186.88,188.34,182.19,182.52,68446
2023-07-28,183.58,184.39,181.64,183.6,52702
2023-07-31,182.36,183.52,180.33,181.73,36231
2023-08-01,181.02,182.13,178.75,179.37,40610
2023-08-02,177.61,179.54,175.62,175.91,97618
2023-08-03,174.66,177.03,173.75,174.76,104776
2023-08-04,174.86,176.3,172.51,172.61,70135
2023-08-07,174.64,175.76,174.1,174.68,92497
2023-08-08,176.08,184.1,171.53,182.95,175883
2023-08-09,183.42,184.49,180.82,182.91,116563
2023-08-10,183.58,185.36,181.67,182.89,85396
2023-08-11,182.74,185.17,182.03,184.44,57527
2023-08-14,184.57,185.93,182.52,183.31,90435
2023-08-15,183.05,184.38,182.25,182.83,35477
2023-08-16,181.87,182.68,179.66,180.03,59976
2023-08-17,179.79,180.07,175.85,176.7,113282
2023-08-18,175.57,176.26,174.07,175.33,40344
2023-08-21,175.71,176.5,174.06,174.72,42407
2023-08-22,173.74,176.35,173.55,175.73,43673
2023-08-23,176.75,178.48,176.32,178.05,48283
2023-08-24,177.41,178.68,175.31,175.57,27378
2023-08-25,178.16,178.16,175.66,176.82,25050
2023-08-28,178.39,181.45,178.38,180.82,53335
2023-08-29,181.08,186.24,181.08,186.16,79013
2023-08-30,186.76,187.68,185.43,186.28,38323
2023-08-31,185.92,186.8,184.17,184.18,43698
2023-09-01,186.51,186.78,184.9,186.0,44744
2023-09-05,185.02,185.9,183.23,184.08,34527
2023-09-06,183.04,183.38,180.24,180.59,102604
2023-09-07,180.22,181.97,179.28,181.5,55614
2023-09-08,180.97,180.97,178.77,179.56,48378
2023-09-11,180.06,180.85,179.37,179.82,36895
2023-09-12,179.88,183.41,178.87,181.45,72510
2023-09-13,180.12,180.62,175.13,175.97,65647
2023-09-14,177.15,177.63,174.69,176.69,59215
2023-09-15,173.65,177.27,173.58,174.11,75607
2023-09-18,173.63,175.35,172.2,173.69,45944
2023-09-19,173.31,176.47,172.97,175.8,67502
2023-09-20,177.21,178.22,175.4,175.44,61198
2023-09-21,173.69,174.28,170.61,170.7,103583
2023-09-22,170.35,172.09,169.16,170.93,73139
2023-09-25,169.58,171.96,169.5,171.72,110373
2023-09-26,170.37,172.42,170.37,170.93,86393
2023-09-27,171.63,171.83,167.07,168.83,78775
2023-09-28,168.63,169.8,168.03,168.19,51840
2023-09-29,169.47,169.47,167.98,168.22,85163
2023-10-02,167.0,167.0,164.87,166.95,51191
2023-10-03,165.77,167.09,164.02,164.53,98984
2023-10-04,165.35,165.77,163.56,165.27,92599
2023-10-05,165.39,166.8,164.49,166.16,108125
2023-10-06,165.5,170.01,165.36,169.7,109034
2023-10-09,168.25,169.46,166.56,168.75,86604
2023-10-10,168.17,170.83,167.79,169.8,90424
2023-10-11,170.75,171.3,169.28,171.04,35705
2023-10-12,171.04,171.6,168.4,168.5,44778
2023-10-13,167.46,169.75,167.42,168.47,42449
2023-10-16,169.25,170.51,167.96,169.23,37120
2023-10-17,166.97,168.55,165.86,168.53,46379
2023-10-18,167.49,167.49,163.82,163.86,51976
2023-10-19,164.57,165.2,162.06,162.51,60069
2023-10-20,161.93,162.46,159.64,161.5,58161
2023-10-23,161.14,162.77,160.55,160.89,38332
2023-10-24,161.5,162.52,160.81,161.53,47327
2023-10-25,159.1,160.3,157.18,158.1,62904
2023-10-26,156.15,156.48,152.67,152.67,100713
2023-10-27,152.52,152.54,150.03,150.96,123009
2023-10-30,151.99,153.09,148.53,151.74,121602
2023-10-31,153.03,153.58,151.3,152.09,93665
2023-11-01,151.84,151.99,146.44,146.66,282295
2023-11-02,150.51,156.09,150.51,155.95,162382
2023-11-03,159.19,159.38,154.44,157.2,63790
2023-11-06,163.22,165.59,157.27,158.15,86430
2023-11-07,157.99,162.2,157.99,161.95,93401
2023-11-08,163.6,166.36,162.97,165.58,140387
2023-11-09,165.56,168.0,165.24,165.33,182067
2023-11-10,164.69,165.15,161.05,163.96,76932
2023-11-13,163.57,164.27,162.41,163.62,71334
2023-11-14,166.16,169.73,166.01,167.17,47827
2023-11-15,167.7,170.13,167.11,169.21,99528
2023-11-16,170.0,171.28,169.55,171.04,77546
2023-11-17,171.77,171.77,168.39,169.44,94400
2023-11-20,168.87,171.44,168.76,170.61,41518
2023-11-21,170.84,174.28,170.84,173.18,68428
2023-11-22,174.99,175.2,173.49,173.9,65729
2023-11-24,174.61,175.72,173.98,174.56,33208
2023-11-27,174.08,174.94,172.93,173.2,55167
2023-11-28,172.24,172.53,170.8,171.47,81446
2023-11-29,171.88,172.5,169.86,170.29,48980
2023-11-30,169.78,171.31,168.3,171.17,54555
2023-12-01,170.76,173.83,170.74,173.49,59325
2023-12-04,173.27,176.88,173.27,176.56,44182
2023-12-05,175.87,176.02,173.49,174.1,57644
2023-12-06,175.76,177.3,175.01,176.29,67147
2023-12-07,176.67,176.67,174.88,176.08,44742
2023-12-08,176.27,179.08,176.11,178.93,59153
2023-12-11,179.46,184.16,179.23,183.58,121308
2023-12-12,184.44,186.46,183.39,185.52,73219
2023-12-13,185.79,191.49,185.24,191.33,78980
2023-12-14,191.88,195.48,191.88,193.88,177083
2023-12-15,191.6,191.6,188.44,190.12,98586
2023-12-18,190.79,191.1,189.52,190.7,75086
2023-12-19,191.39,192.7,191.26,191.89,54654
2023-12-20,191.74,193.04,188.55,188.56,97049
2023-12-21,190.39,190.84,187.88,188.52,102539
2023-12-22,189.35,189.43,186.82,188.92,82686
2023-12-26,188.92,190.18,188.45,189.35,30169
2023-12-27,189.04,190.79,189.03,190.76,35256
2023-12-28,191.7,192.3,190.48,191.03,26910
2023-12-29,191.59,191.66,190.48,191.35,28021
2024-01-02,189.76,191.37,189.2,190.41,54740
2024-01-03,189.74,189.74,186.85,186.85,48168
2024-01-04,186.49,188.78,186.23,188.01,77017
2024-01-05,187.42,189.7,187.38,188.85,47653
2024-01-08,188.48,190.15,186.71,190.04,61383
2024-01-09,189.09,193.57,188.23,189.83,90964
2024-01-10,190.53,192.63,190.24,192.6,43012
2024-01-11,191.67,191.72,189.86,190.57,69451
2024-01-12,191.74,193.18,190.77,192.69,72231
2024-01-16,192.2,192.56,186.67,186.99,107396
2024-01-17,186.01,186.88,183.85,184.92,96952
2024-01-18,186.22,187.17,183.81,184.93,120291
2024-01-19,184.7,185.22,181.86,183.01,61065
2024-01-22,185.4,188.56,184.82,185.7,62497
2024-01-23,186.04,186.04,182.38,182.61,46494
2024-01-24,183.33,184.04,180.55,180.58,51266
2024-01-25,180.35,181.99,180.03,181.92,111803
2024-01-26,183.56,187.24,183.56,185.91,81250
2024-01-29,185.68,187.41,184.55,187.24,113655
2024-01-30,187.38,187.75,184.99,185.93,37846
2024-01-31,186.83,186.92,182.04,182.25,100811
2024-02-01,182.83,184.1,180.03,183.6,73062
2024-02-02,181.65,184.63,180.49,183.55,51965
2024-02-05,182.65,184.97,182.01,184.66,86266
2024-02-06,186.65,190.8,185.46,190.48,127105
2024-02-07,190.42,192.17,189.59,191.41,68290
2024-02-08,190.85,190.85,189.36,190.06,65455
2024-02-09,190.11,192.46,190.11,191.6,133556
2024-02-12,192.19,193.52,190.77,191.02,79322
2024-02-13,182.3,184.69,176.9,178.17,220525
2024-02-14,179.8,180.89,176.94,178.79,96096
2024-02-15,179.3,184.55,179.3,184.2,98331
2024-02-16,183.81,184.8,182.71,182.9,81436
2024-02-20,181.86,183.83,180.85,181.17,180528
2024-02-21,181.37,183.28,181.37,182.77,272638
2024-02-22,183.78,190.95,183.21,190.92,199255
2024-02-23,191.73,192.41,189.2,191.49,136523
2024-02-26,191.11,192.07,189.8,191.29,98778
2024-02-27,191.4,193.47,188.51,193.28,95043
2024-02-28,193.17,194.28,191.51,194.19,109434
2024-02-29,194.14,194.32,192.49,192.55,69964
2024-03-01,190.31,190.31,183.15,185.29,143601
2024-03-04,184.66,184.82,181.23,182.37,162705
2024-03-05,182.11,182.11,179.11,179.83,104154
2024-03-06,180.2,181.69,177.93,178.17,242326
2024-03-07,179.52,179.68,176.14,176.3,194384
2024-03-08,176.84,177.6,174.66,177.17,211872
2024-03-11,177.27,178.58,175.19,178.21,195618
2024-03-12,178.51,178.51,175.77,176.11,83100
2024-03-13,176.47,177.67,170.9,171.03,219952
2024-03-14,171.82,171.82,165.79,168.88,183436
2024-03-15,168.46,170.23,166.7,167.53,110646
2024-03-18,168.71,169.15,165.51,165.71,207147
2024-03-19,166.69,168.45,165.54,167.88,204803
2024-03-20,167.83,167.83,164.53,165.96,106177
2024-03-21,167.73,169.13,163.16,163.27,133215
2024-03-22,163.43,166.31,163.29,164.03,111988
2024-03-25,164.23,164.84,162.19,162.91,115669
2024-03-26,163.82,163.82,159.47,160.93,220023
2024-03-27,162.85,163.58,161.58,163.58,101267
2024-03-28,163.74,166.15,162.68,164.27,109477
2024-04-01,164.17,164.25,161.34,162.26,53841
2024-04-02,160.17,161.36,159.09,160.14,59386
2024-04-03,160.54,161.21,158.04,158.28,71066
2024-04-04,160.37,163.8,159.75,160.67,147567
2024-04-05,162.0,164.44,160.54,161.02,146303
2024-04-08,161.09,161.83,159.41,160.9,70458
2024-04-09,161.21,162.31,159.97,162.26,47625
2024-04-10,158.34,160.04,157.99,158.51,84903
2024-04-11,158.3,159.23,156.66,158.02,84995
2024-04-12,151.34,151.43,144.2,145.62,490100
2024-04-15,148.44,150.42,144.92,145.49,363095
2024-04-16,145.85,149.89,144.53,148.55,244748
2024-04-17,148.58,148.72,146.86,147.62,155292
2024-04-18,147.43,149.6,147.43,149.18,419709
2024-04-19,147.57,147.57,141.98,142.6,407388
2024-04-22,145.53,145.53,141.05,141.73,175105
2024-04-23,142.41,145.96,141.62,145.65,104391
2024-04-24,145.34,147.73,145.34,146.96,198226
2024-04-25,147.4,149.55,146.2,149.38,192931
2024-04-26,148.91,154.55,148.91,154.28,161096
2024-04-29,154.58,160.68,154.58,155.57,208701
2024-04-30,154.98,157.88,154.8,155.11,175330
2024-05-01,154.34,156.41,153.91,154.34,161661
2024-05-02,159.14,165.51,159.14,162.88,215206
2024-05-03,166.24,166.86,162.66,162.68,87753
2024-05-06,162.97,162.98,160.58,161.34,120417
2024-05-07,162.78,167.61,162.77,164.06,94985
2024-05-08,163.01,163.01,156.82,160.54,208204
2024-05-09,161.4,163.91,160.88,163.73,75322
2024-05-10,164.4,165.49,164.15,164.74,97641
2024-05-13,165.6,166.97,163.41,163.42,39682
2024-05-14,165.32,165.71,164.25,164.39,66497
2024-05-15,166.9,170.38,166.9,168.72,60702
2024-05-16,168.71,170.26,168.7,169.17,73915
2024-05-17,169.16,170.01,168.2,169.47,79418
2024-05-20,168.97,170.05,167.71,169.86,49535
2024-05-21,169.12,171.13,168.06,168.15,46804
2024-05-22,167.51,169.31,167.1,167.46,45614
2024-05-23,167.02,167.92,165.43,166.5,48901
2024-05-24,166.95,167.64,165.28,165.62,44024
2024-05-28,165.42,167.21,165.23,166.86,67806
2024-05-29,165.22,168.67,165.22,166.31,221662
2024-05-30,166.4,169.18,163.9,164.95,83829
2024-05-31,165.18,167.55,163.58,165.18,64714
2024-06-03,165.82,169.66,165.55,167.86,42476
2024-06-04,165.74,167.72,165.22,167.4,57279
2024-06-05,168.74,172.03,168.67,171.18,56334
2024-06-06,169.88,172.22,169.88,172.13,76032
2024-06-07,171.59,172.48,170.72,172.41,73062
2024-06-10,171.72,175.03,171.72,174.28,81983
2024-06-11,173.7,174.2,172.95,173.9,38024
2024-06-12,174.16,174.43,170.27,171.18,62570
2024-06-13,170.96,171.59,166.5,167.01,72433
2024-06-14,165.61,166.81,164.59,166.2,75907
2024-06-17,163.71,167.1,163.22,166.44,57590
2024-06-18,166.37,166.77,164.46,165.17,56661
2024-06-20,165.0,166.62,162.82,163.72,102930
2024-06-21,165.39,166.79,165.31,166.68,180181
2024-06-24,167.0,169.7,165.99,167.34,124370
2024-06-25,167.49,167.6,163.34,163.55,67047
2024-06-26,163.12,166.98,162.11,166.47,95895
2024-06-27,169.81,176.8,169.81,171.76,145788
2024-06-28,171.96,172.43,168.54,168.75,82629
2024-07-01,168.92,170.29,167.49,167.94,57746
2024-07-02,168.7,171.38,168.7,170.23,94741
2024-07-03,170.66,172.89,170.66,171.0,59256
2024-07-05,170.97,171.24,169.73,170.47,55486
2024-07-08,170.93,172.34,170.18,170.83,65988
2024-07-09,171.04,171.13,169.0,169.7,74391
2024-07-10,169.96,170.05,167.06,169.0,77298
2024-07-11,169.95,173.79,169.95,173.07,63094
2024-07-12,174.55,174.86,173.48,174.32,53423
2024-07-15,174.06,176.0,173.2,173.35,49034
2024-07-16,174.0,178.31,173.96,178.15,45896
2024-07-17,176.71,179.93,175.96,177.28,83991
2024-07-18,176.34,179.75,174.91,174.94,91500
2024-07-19,175.56,175.74,171.97,174.35,96923
2024-07-22,176.49,177.57,174.63,176.49,59378
2024-07-23,176.53,177.56,174.97,175.04,28455
2024-07-24,175.03,176.32,174.24,175.42,47698
2024-07-25,175.98,181.9,175.73,176.41,92347
2024-07-26,178.22,179.22,175.02,175.5,66899
2024-07-29,176.18,178.65,175.05,177.46,48615
2024-07-30,177.39,180.0,176.02,177.52,85507
2024-07-31,177.98,177.99,175.59,175.72,67498
2024-08-01,176.68,179.43,176.52,177.97,68538
2024-08-02,177.26,178.7,174.4,176.18,106179
2024-08-05,170.33,173.9,168.94,170.52,128839
2024-08-06,182.42,185.04,179.86,180.83,152508
2024-08-07,181.34,185.64,180.16,180.31,73480
2024-08-08,181.13,184.29,181.13,183.86,56398
2024-08-09,184.01,184.81,180.77,180.81,108195
2024-08-12,180.53,180.82,178.02,179.52,74138
2024-08-13,181.88,184.47,181.69,183.94,53357
2024-08-14,183.5,183.88,178.16,178.96,80366
2024-08-15,181.17,181.23,178.43,179.72,55463
2024-08-16,179.09,180.16,178.13,179.35,48482
2024-08-19,178.75,180.07,178.28,180.07,58604
2024-08-20,180.0,180.34,178.59,179.21,58952
2024-08-21,179.61,179.7,177.51,178.44,58640
2024-08-22,179.56,179.83,177.19,177.96,45505
2024-08-23,177.91,178.08,176.15,176.57,39436
2024-08-26,176.49,178.15,176.49,177.23,34770
2024-08-27,178.36,178.59,177.14,177.75,52974
2024-08-28,177.75,180.12,177.75,178.51,62643
2024-08-29,179.13,180.28,178.15,178.53,70162
2024-08-30,178.87,179.71,176.7,179.1,43341
2024-09-03,178.71,180.12,178.57,179.15,36143
2024-09-04,179.0,183.02,177.39,182.84,84716
2024-09-05,182.17,183.52,181.42,182.05,52416
2024-09-06,182.64,185.88,182.64,184.72,124377
2024-09-09,185.55,188.95,185.55,187.22,151547
2024-09-10,186.88,188.06,183.44,186.92,80211
2024-09-11,185.87,185.87,181.99,185.52,48685
2024-09-12,185.82,186.23,182.83,186.03,39072
2024-09-13,185.6,187.96,185.6,186.54,58997
2024-09-16,187.61,189.76,187.4,189.62,54834
2024-09-17,189.94,191.52,189.48,190.99,168109
2024-09-18,191.16,193.52,189.78,191.74,97115
2024-09-19,193.35,195.4,186.77,188.65,131119
2024-09-20,189.34,189.34,186.55,187.88,63725
2024-09-23,188.31,189.01,186.7,189.0,39734
2024-09-24,190.32,190.91,188.34,189.04,84595
2024-09-25,189.76,191.1,186.25,186.98,83492
2024-09-26,187.75,190.41,187.37,190.35,95061
2024-09-27,191.65,192.67,189.86,190.16,86247
2024-09-30,190.11,191.31,189.05,190.74,97500
2024-10-01,189.84,190.19,186.61,189.82,76684
2024-10-02,189.08,189.52,186.84,187.87,73449
2024-10-03,187.62,187.62,185.66,186.4,66104
2024-10-04,186.02,186.89,184.52,185.48,83952
2024-10-07,185.24,185.24,182.27,182.79,116929
2024-10-08,183.86,184.04,182.25,182.88,59523
2024-10-09,183.15,185.89,182.82,185.67,47473
2024-10-10,185.17,186.16,184.46,185.73,60096
2024-10-11,185.87,188.12,185.26,185.49,49302
2024-10-14,185.59,188.4,185.59,188.02,64898
2024-10-15,187.73,191.13,187.36,187.68,77316
2024-10-16,187.9,191.08,187.54,189.83,77382
2024-10-17,190.82,191.86,186.33,186.5,64371
2024-10-18,186.45,188.84,186.03,188.66,90020
2024-10-21,187.95,187.95,184.68,184.8,47759
2024-10-22,183.04,185.29,182.87,185.02,110071
2024-10-23,184.55,185.03,183.22,184.53,41277
2024-10-24,183.15,183.15,175.83,176.99,238566
2024-10-25,177.29,177.67,175.4,175.66,136759
2024-10-28,176.57,178.67,176.4,178.43,88113
2024-10-29,177.56,180.0,176.72,176.86,100803
2024-10-30,176.16,179.34,176.16,178.43,88663
2024-10-31,177.21,177.4,174.93,174.97,102319
2024-11-01,175.74,179.07,175.4,178.08,117949
2024-11-04,172.83,175.14,169.91,171.41,153674
2024-11-05,170.64,172.72,168.97,171.48,104338
2024-11-06,174.54,174.54,165.68,166.7,262117
2024-11-07,169.36,171.0,166.13,170.72,144060
2024-11-08,171.01,173.23,169.48,173.0,146013
2024-11-11,173.55,174.4,171.23,172.38,127585
2024-11-12,172.19,172.66,170.02,170.15,137762
2024-11-13,171.93,173.62,171.25,173.26,113022
2024-11-14,173.89,174.67,170.18,171.17,81253
2024-11-15,169.41,173.12,167.4,171.34,125066
2024-11-18,170.86,173.29,170.32,172.61,100567
2024-11-19,170.83,172.69,169.5,171.8,61234
2024-11-20,171.93,173.52,170.17,171.86,94593
2024-11-21,171.26,173.67,170.96,172.93,86920
2024-11-22,172.97,174.06,172.58,173.14,85148
2024-11-25,172.75,174.9,172.47,174.81,160721
2024-11-26,174.03,174.43,171.14,171.86,73975
2024-11-27,171.44,175.33,171.44,172.93,85933
2024-11-29,173.26,173.85,171.49,171.59,51697
2024-12-02,171.64,173.07,170.05,172.85,84773
2024-12-03,173.08,177.44,172.78,173.03,99537
2024-12-04,171.94,174.58,171.24,171.46,106447
2024-12-05,171.78,172.13,170.02,170.99,81362
2024-12-06,171.75,173.65,171.31,172.62,133426
2024-12-09,171.98,175.87,171.72,174.32,102221
2024-12-10,174.07,174.56,172.42,172.96,62582
2024-12-11,172.51,174.48,172.51,173.32,75490
2024-12-12,173.42,175.75,173.18,174.99,69090
2024-12-13,175.13,177.34,172.82,174.27,68216
2024-12-16,174.15,175.35,172.08,172.16,84965
2024-12-17,170.86,173.48,165.94,167.03,116596
2024-12-18,166.7,167.24,163.45,163.47,103632
2024-12-19,163.27,163.67,159.91,160.13,127469
2024-12-20,160.8,162.68,160.02,161.06,134357
2024-12-23,161.2,161.96,159.84,159.85,24503
2024-12-24,159.66,161.42,159.59,161.1,39662
2024-12-26,159.95,162.19,159.95,162.12,75810
2024-12-27,161.41,162.89,160.04,161.08,70632
2024-12-30,160.14,160.14,158.11,158.8,42220
2024-12-31,159.86,160.18,158.41,159.54,43021
2025-01-02,160.95,161.96,158.65,159.08,76619
2025-01-03,158.41,160.32,157.21,159.79,71213
2025-01-06,158.94,163.92,158.94,162.33,128017
2025-01-07,159.8,161.7,157.91,159.96,141287
2025-01-08,159.85,161.49,157.98,161.44,104128
2025-01-10,160.29,161.33,159.47,159.8,127647
2025-01-13,160.29,163.22,159.38,162.7,83084
2025-01-14,163.32,163.32,158.15,160.86,117711
2025-01-15,162.69,164.32,162.2,163.58,156252
2025-01-16,163.4,166.11,162.42,165.69,128551
2025-01-17,165.01,165.72,162.32,162.42,154156
2025-01-21,163.22,164.66,161.71,164.35,181405
2025-01-22,163.48,164.74,161.82,163.5,56663
2025-01-23,162.94,164.19,160.7,163.83,105309
2025-01-24,162.86,165.88,162.86,165.52,93997
2025-01-27,165.65,170.23,165.65,169.86,87842
2025-01-28,170.04,171.43,166.33,166.68,101113
2025-01-29,166.54,167.95,166.09,167.06,150902
2025-01-30,168.17,170.81,168.17,169.45,89511
2025-01-31,168.77,169.82,167.53,167.74,71779
2025-02-03,165.7,169.84,165.7,168.75,100607
2025-02-04,169.04,169.93,166.99,169.02,96895
2025-02-05,168.89,173.07,168.89,172.37,114523
2025-02-06,172.94,173.91,170.79,170.85,99967
2025-02-07,171.27,172.2,167.79,168.2,91593
2025-02-10,167.83,169.31,167.57,168.55,124386
2025-02-11,167.75,171.54,167.75,171.14,112361
2025-02-12,169.38,170.88,168.65,170.75,157525
2025-02-13,158.07,163.01,151.54,161.86,646290
2025-02-14,161.27,161.33,153.44,154.65,334299
2025-02-18,153.55,154.08,151.51,153.52,367315
2025-02-19,153.81,154.54,152.42,153.72,165829
2025-02-20,153.37,155.43,153.13,154.41,188688
2025-02-21,155.25,157.84,155.25,157.46,79386
2025-02-24,159.06,162.48,157.92,162.31,128653
2025-02-25,162.67,165.83,160.5,165.39,189415
2025-02-26,164.96,165.54,161.84,161.86,134297
2025-02-27,161.95,164.21,161.49,161.96,149382
2025-02-28,163.61,164.5,160.89,164.17,128355
2025-03-03,163.51,167.37,163.0,167.37,176264
2025-03-04,168.2,171.41,166.06,166.74,151390
2025-03-05,166.4,168.65,162.2,163.82,160155
2025-03-06,162.84,164.32,162.24,164.13,180374
2025-03-07,164.12,167.72,164.12,167.14,116498
2025-03-10,166.49,173.59,166.49,168.65,155409
2025-03-11,168.62,168.62,161.1,161.34,147783
2025-03-12,160.2,160.58,157.67,158.69,109408
2025-03-13,157.44,158.55,156.6,157.13,100604
2025-03-14,156.3,158.41,155.72,158.28,112489
2025-03-17,159.4,162.72,159.4,162.12,62906
2025-03-18,162.24,162.24,160.28,161.36,61774
2025-03-19,161.1,161.79,159.89,160.62,47560
2025-03-20,160.31,160.94,159.24,160.13,35950
2025-03-21,159.4,160.0,158.24,159.94,57689
2025-03-24,159.59,162.17,159.59,160.04,57612
2025-03-25,160.42,160.96,157.46,158.37,57002
2025-03-26,158.44,160.24,157.83,159.82,64875
2025-03-27,159.79,162.32,159.08,161.92,69106
2025-03-28,161.12,162.15,159.8,160.04,75363
2025-03-31,160.28,161.79,158.64,161.59,67415
2025-04-01,161.04,162.47,158.39,158.81,102494
2025-04-02,158.47,160.59,157.88,160.37,50623
2025-04-03,161.48,163.24,156.3,156.56,187658
2025-04-04,153.1,154.2,148.46,148.98,126580
2025-04-07,145.11,150.16,141.22,146.37,180347
2025-04-08,149.54,150.47,139.84,141.77,129627
2025-04-09,138.32,151.35,137.12,150.79,215844
2025-04-10,149.03,149.13,139.59,144.27,112287
2025-04-11,142.11,146.89,142.11,146.66,106229
2025-04-14,148.84,148.84,145.28,147.93,163363
2025-04-15,148.41,148.64,145.53,146.41,104305
2025-04-16,146.5,147.02,143.17,143.95,84796
2025-04-17,144.45,147.18,144.45,145.82,130493
2025-04-21,145.76,145.76,143.1,144.63,105298
2025-04-22,145.74,148.43,145.74,147.73,135765
2025-04-23,149.73,151.28,148.36,148.58,84857
2025-04-24,148.21,150.23,146.18,150.0,98681
2025-04-25,149.43,151.46,148.31,151.12,126673
2025-04-28,150.95,152.35,150.19,151.2,44225
2025-04-29,150.45,153.82,149.92,153.05,71311
2025-04-30,153.02,154.71,151.52,154.0,72236
2025-05-01,154.03,154.81,150.3,153.24,70426
2025-05-02,155.56,157.43,154.32,155.0,92468
2025-05-05,154.0,155.87,153.86,155.87,152522
2025-05-06,156.95,156.95,146.72,147.51,144256
2025-05-07,149.36,154.15,149.16,153.52,150887
2025-05-08,153.13,159.61,152.83,159.19,336745
2025-05-09,159.51,159.51,156.71,156.81,211156
2025-05-12,158.31,161.91,158.22,159.43,147991
2025-05-13,158.17,160.42,157.77,158.0,250273
2025-05-14,157.45,157.81,152.14,152.48,190790
2025-05-15,153.85,157.96,153.6,157.86,135678
2025-05-16,158.18,160.71,157.92,160.58,101603
2025-05-19,159.92,161.63,159.71,161.49,78093
2025-05-20,161.13,162.27,160.69,161.18,70792
2025-05-21,160.09,161.98,158.84,158.98,135534
2025-05-22,158.27,160.02,157.29,159.47,170629
2025-05-23,158.48,160.48,157.84,160.12,158543
2025-05-27,161.84,164.16,161.66,163.69,77065
2025-05-28,163.53,164.07,162.07,162.78,73808
2025-05-29,163.48,165.18,163.02,164.55,130571
2025-05-30,164.3,167.17,163.49,166.07,199602
2025-06-02,165.12,166.86,163.86,166.8,129626
2025-06-03,166.48,169.47,166.3,167.71,133347
2025-06-04,168.45,168.58,165.53,165.99,138937
2025-06-05,167.06,167.24,165.68,165.87,126994
2025-06-06,167.44,168.77,166.86,167.46,56256
2025-06-09,166.37,166.37,159.93,162.07,170957
2025-06-10,162.87,164.74,161.76,164.55,153465
2025-06-11,164.68,165.34,162.48,163.88,96412
2025-06-12,163.75,166.23,162.99,166.23,85940
2025-06-13,162.08,164.8,161.09,161.78,101232
2025-06-16,162.43,164.17,161.13,161.85,74243
2025-06-17,161.35,161.78,158.49,159.19,95469
2025-06-18,154.43,155.28,152.28,152.78,196137
2025-06-20,153.34,155.23,152.7,154.81,72650
2025-06-23,153.97,155.81,153.97,154.97,136637
2025-06-24,154.81,156.2,152.02,155.38,124416
2025-06-25,154.14,156.22,153.16,154.85,93640
2025-06-26,154.71,155.18,152.92,153.37,126801
2025-06-27,153.85,154.92,153.09,153.78,99547
2025-06-30,153.97,154.43,152.78,153.53,103739
2025-07-01,153.08,158.45,150.69,156.78,152497
2025-07-02,156.84,157.85,156.23,156.61,90168
2025-07-03,155.87,156.97,155.21,156.68,82570
2025-07-07,156.95,156.95,154.44,154.69,92792
2025-07-08,155.13,157.68,154.56,155.43,126489
2025-07-09,155.34,156.8,153.91,155.81,160120
2025-07-10,156.34,159.19,154.81,156.38,188722
2025-07-11,154.11,154.62,152.38,152.6,125284
2025-07-14,152.33,154.29,152.33,153.35,111312
2025-07-15,153.34,154.16,150.24,150.53,124420
2025-07-16,150.94,151.37,148.69,149.24,138773
2025-07-17,147.76,149.85,147.14,147.71,192831
2025-07-18,148.14,148.88,145.82,146.85,162696
2025-07-21,147.63,148.0,145.51,145.57,134627
2025-07-22,145.85,149.46,145.76,149.39,174521
2025-07-23,151.03,151.98,149.74,151.74,156244
2025-07-24,151.66,151.94,150.43,151.01,116091
2025-07-25,151.05,151.51,149.49,150.21,165748
2025-07-28,150.42,150.61,148.56,148.93,75905
2025-07-29,148.22,149.2,147.08,149.18,129263
2025-07-30,149.17,150.28,146.93,147.04,147065
2025-07-31,146.22,146.79,143.61,144.03,189352
2025-08-01,144.36,146.0,143.43,145.58,145264
2025-08-04,150.0,150.49,147.07,150.29,234054
2025-08-05,154.89,154.89,142.83,144.31,602208
2025-08-06,144.33,145.47,142.62,144.74,382998
2025-08-07,146.05,147.14,145.35,146.37,135289
2025-08-08,146.53,146.98,144.51,145.56,117980
2025-08-11,146.51,147.98,145.59,147.26,92963
2025-08-12,147.1,147.99,146.65,147.99,94862
2025-08-13,147.95,150.88,147.49,150.59,145762
2025-08-14,149.9,151.43,149.54,151.25,84456
2025-08-15,151.57,153.24,151.42,152.24,129612
2025-08-18,152.2,153.03,149.82,150.43,108568
2025-08-19,151.03,153.77,151.03,153.77,74957
2025-08-20,155.04,158.26,154.79,154.86,113641
2025-08-21,155.12,156.79,153.55,153.65,101623
2025-08-22,154.97,156.31,154.31,154.73,79062
2025-08-25,155.1,155.1,153.09,153.28,56120
2025-08-26,153.44,154.34,152.81,152.95,51140
2025-08-27,153.47,154.14,152.76,153.56,50842
2025-08-28,152.82,153.0,151.58,152.92,70545
2025-08-29,152.57,154.57,152.57,154.48,35843
2025-09-02,153.12,153.13,149.81,151.04,63743
2025-09-03,150.67,151.18,149.69,150.53,45956
2025-09-04,150.39,151.63,149.63,151.32,56321
2025-09-05,151.23,153.25,150.64,151.45,66786
2025-09-08,150.66,151.09,145.01,149.98,146924
2025-09-09,149.53,150.19,147.85,147.96,72044
2025-09-10,146.81,148.68,146.79,147.65,112101
2025-09-11,147.98,150.12,147.97,148.79,179071
2025-09-12,147.85,147.85,144.78,146.43,227998
2025-09-15,146.08,147.91,144.15,144.51,244853
2025-09-16,144.68,146.7,144.68,145.68,252153
2025-09-17,145.92,147.72,144.85,145.06,104845
2025-09-18,143.98,146.14,143.43,145.4,118526
2025-09-19,145.98,145.98,143.59,144.12,60778
2025-09-22,144.68,144.68,142.72,142.9,124532
2025-09-23,141.53,144.21,139.93,140.87,140712
2025-09-24,139.5,142.12,139.06,139.99,155975
2025-09-25,139.84,140.14,137.69,139.46,225307
2025-09-26,140.16,141.99,139.79,141.81,98406
2025-09-29,142.12,142.24,140.83,141.37,72712
2025-09-30,141.26,145.12,140.8,144.62,164704
2025-10-01,144.57,145.59,143.3,145.19,196954
2025-10-02,143.79,145.97,143.66,144.75,228418
2025-10-03,145.36,146.92,144.51,144.65,108980
2025-10-06,144.73,145.24,143.11,143.59,159914
2025-10-07,144.01,144.3,140.44,141.1,134829
2025-10-08,140.79,143.07,140.66,141.8,183955
2025-10-09,141.78,143.43,141.55,141.61,230223
2025-10-10,141.39,141.48,139.26,139.4,88275
2025-10-13,139.88,141.59,139.25,140.54,102275
2025-10-14,140.29,141.79,139.51,141.68,116343
2025-10-15,140.36,142.16,140.28,140.41,121806
2025-10-16,140.37,142.41,139.68,141.54,131055
2025-10-17,141.38,142.82,140.85,142.3,141591
2025-10-20,142.07,143.91,141.97,143.38,76634
2025-10-21,143.09,145.45,143.09,144.36,95665
2025-10-22,144.51,146.52,144.05,145.34,153411
2025-10-23,144.63,145.6,143.66,144.68,73512
2025-10-24,144.94,145.7,144.23,144.23,63083
2025-10-27,144.73,146.15,143.75,145.79,127948
2025-10-28,144.42,145.6,143.6,143.7,195470
2025-10-29,143.2,144.32,142.02,142.14,134186
2025-10-30,141.84,143.26,141.22,142.41,101977
2025-10-31,141.53,143.42,141.39,142.85,128460
2025-11-03,142.09,143.49,140.96,143.2,175488
2025-11-04,121.02,126.9,121.02,123.44,660231
2025-11-05,123.29,123.29,118.08,119.42,395505
2025-11-06,119.34,120.4,118.19,118.5,223790
2025-11-07,118.4,119.23,116.28,119.18,286042
2025-11-10,119.11,119.71,117.54,118.79,195407
2025-11-11,119.09,120.27,118.61,119.08,179612
2025-11-12,119.33,121.86,119.33,120.22,190740
2025-11-13,120.29,121.43,119.69,120.08,143775
2025-11-14,119.96,120.83,119.39,119.73,110949
2025-11-17,119.72,119.83,117.38,117.77,179078
2025-11-18,117.41,118.07,116.09,117.18,300788
2025-11-19,117.66,117.68,114.26,116.07,212372
2025-11-20,116.3,117.28,114.72,114.87,141502
2025-11-21,115.47,121.3,115.39,121.03,274145
2025-11-24,120.88,121.84,119.32,121.82,219268
2025-11-25,122.51,127.92,122.45,126.78,291613
2025-11-26,126.43,127.9,126.23,126.66,203286
2025-11-28,127.25,128.2,126.83,127.14,91283
2025-12-01,127.22,128.46,126.1,126.17,166259
2025-12-02,124.64,124.65,121.5,123.32,321107
2025-12-03,124.15,124.63,120.76,121.52,218192
2025-12-04,121.35,121.87,118.76,119.36,250507
2025-12-05,119.95,120.13,117.46,117.64,186128
2025-12-08,117.39,119.12,116.56,117.18,213223
2025-12-09,116.88,117.36,114.6,114.69,188351
2025-12-10,115.13,117.43,114.62,117.06,238156
2025-12-11,117.79,118.57,116.14,116.67,194192
2025-12-12,118.87,119.93,117.28,117.66,307487
2025-12-15,117.84,121.25,117.72,119.96,277139
2025-12-16,120.78,123.44,119.71,122.2,461013
2025-12-17,121.84,123.36,121.24,121.26,219048
2025-12-18,121.07,124.4,121.0,121.74,272873
2025-12-19,121.58,123.43,121.13,121.18,216343
2025-12-22,120.49,122.88,120.38,122.73,230547
2025-12-23,122.3,122.9,121.48,122.48,166207
2025-12-24,122.19,124.61,122.19,124.45,73997
2025-12-26,124.16,125.22,124.12,125.12,74129
2025-12-29,125.6,125.61,124.59,124.93,128163
2025-12-30,124.68,126.51,124.63,125.34,101787
2025-12-31,125.05,125.63,124.73,124.74,77826
2026-01-02,125.18,125.33,123.02,124.78,129668
2026-01-05,124.57,128.76,124.43,128.25,210596
2026-01-06,128.81,130.01,127.61,128.26,225603
2026-01-07,128.97,128.98,124.59,124.59,197117
2026-01-08,123.59,127.24,123.59,125.75,118011
2026-01-09,125.98,127.21,125.02,126.06,100888
2026-01-12,125.93,126.15,123.14,124.23,215279
2026-01-13,124.84,124.84,122.27,123.53,152831
2026-01-14,123.86,125.37,123.61,124.7,134059
2026-01-15,125.0,125.0,122.74,124.21,124693
2026-01-16,124.06,124.3,122.52,123.56,148230
2026-01-20,121.51,125.17,121.27,122.71,212030
2026-01-21,123.58,126.38,123.27,124.53,161178
2026-01-22,123.89,125.86,123.19,123.81,231548
2026-01-23,123.6,124.24,123.01,123.52,138307
2026-01-26,123.64,124.22,122.47,123.36,219485
2026-01-27,123.09,125.63,122.52,124.38,154346
2026-01-28,123.45,124.55,120.74,121.42,248818
2026-01-29,122.59,122.7,120.82,121.12,226234
2026-01-30,120.56,124.29,119.81,124.27,301746
2026-02-02,123.71,124.58,122.63,124.4,176782
2026-02-03,123.14,125.77,121.71,121.89,208129
2026-02-04,123.44,127.08,122.79,126.18,280966
2026-02-05,126.89,127.0,125.64,126.24,163366
2026-02-06,128.22,129.23,125.99,126.89,194550
2026-02-09,126.65,127.31,125.91,126.79,131577
2026-02-10,127.47,128.93,127.39,127.6,125481
2026-02-11,127.11,129.13,126.96,128.13,347036
2026-02-12,130.79,131.29,118.42,125.08,583662
2026-02-13,126.96,130.01,125.29,126.0,203384
2026-02-17,126.95,127.3,124.92,125.02,155139
2026-02-18,125.21,128.63,124.05,128.56,216246
2026-02-19,128.24,128.86,124.98,126.71,174146
2026-02-20,125.89,128.19,125.08,128.17,145187
2026-02-23,126.2,127.34,123.95,125.25,140361
2026-02-24,125.21,129.06,125.21,128.11,164022
2026-02-25,127.98,129.07,126.56,128.4,148835
2026-02-26,129.41,130.73,127.91,129.16,140923
2026-02-27,128.04,131.7,128.04,130.51,221268
2026-03-02,129.49,129.49,126.54,128.44,153496
2026-03-03,127.19,127.2,124.72,125.4,138384
2026-03-04,125.6,126.35,124.36,125.47,232455
2026-03-05,124.31,124.87,121.52,121.69,223751
2026-03-06,119.63,121.3,117.85,120.89,167712
2026-03-09,119.27,121.85,117.9,121.82,169835
2026-03-10,121.19,122.4,119.89,119.94,157587
2026-03-11,119.95,120.35,117.87,119.3,123702
2026-03-12,118.32,120.0,114.74,114.96,243313
2026-03-13,115.92,116.81,113.97,115.12,185635
2026-03-16,114.91,118.03,114.8,117.62,184565
2026-03-17,118.15,121.95,118.15,121.13,204804
2026-03-18,119.9,120.2,116.43,116.87,157328
2026-03-19,116.33,117.8,115.4,115.5,198657
2026-03-20,115.84,116.63,113.89,115.15,157971
2026-03-23,116.51,116.76,114.15,114.81,148152
2026-03-24,113.29,116.6,113.05,115.42,118695
2026-03-25,116.75,117.53,114.87,116.14,151413
2026-03-26,115.62,118.02,114.95,116.12,121029
2026-03-27,116.27,116.43,112.82,112.91,196424
2026-03-30,114.57,116.08,113.23,115.85,128208
2026-03-31,116.19,117.72,115.25,117.6,101934
2026-04-01,117.91,118.18,116.32,116.8,92317
2026-04-02,115.43,118.05,115.09,117.42,77618
2026-04-06,116.46,117.76,116.46,117.73,70439
2026-04-07,117.1,117.42,115.83,116.34,104493
2026-04-08,118.25,119.25,118.01,119.22,86895
2026-04-09,118.52,119.72,116.77,119.48,102320
2026-04-10,119.95,119.95,116.75,117.32,93803
2026-04-13,116.69,119.57,116.4,119.55,221758
2026-04-14,118.69,120.99,118.69,120.59,85312
2026-04-15,120.95,121.54,119.68,120.27,96970
2026-04-16,121.17,121.17,118.54,118.55,109816
2026-04-17,119.56,122.4,119.46,121.88,211372
2026-04-20,121.54,123.32,120.56,122.72,224510
2026-04-21,121.87,123.16,117.775,118.23,190405
2026-04-22,119.08,119.345,116.64,117.47,193342
2026-04-23,117.21,117.51,114.995,116.03,251592
2026-04-24,116.22,116.97,115.56,116.83,191720
2026-04-27,116.775,119.59,116.775,117.88,139203
2026-04-28,117.74,118.29,116.075,116.66,187271
2026-04-29,115.43,115.755,112.98,113.86,142325
2026-04-30,114.1,115.48,113.875,114.96,231149
2026-05-01,115.595,115.96,113.78,114.12,184060
2026-05-04,113.46,114.13,112.14,112.71,105590
2026-05-05,112.67,113.47,111.325,112.54,175349
2026-05-06,113.5,115.06,111.055,111.215,182940
2026-05-07,90.57,91.51,85.31,87.37,1380109
2026-05-08,87.315,87.36,81.11,82.81,1031574
2026-05-11,81.71,81.71,76.405,76.63,802187
2026-05-12,77.365,78.67,75.12,76.92,1108471
2026-05-13,76.23,77.75,74.295,74.34,712512
2026-05-14,74.615,75.715,74.01,75.475,481615
2026-05-15,75.7,76.79,73.77,74.27,472911
2026-05-18,74.295,77.955,74.275,77.71,539587
2026-05-19,79.745,80.27,77.62,78.925,285096
2026-05-20,78.6,80.37,77.26,79.69,289291
2026-05-21,78.99,80.415,76.35,80.095,531114
2026-05-22,80.7,82.32,80.15,81.33,384414
2026-05-26,80.85,81.3,79.95,80.235,287932
2026-05-27,79.84,80.985,78.73,79.49,637118
2026-05-28,79.435,80.08,78.26,78.31,381947
2026-05-29,78.37,78.52,77.47,77.64,456173
2026-06-01,77.12,78.425,76.65,77.6,278575
2026-06-02,76.99,77.03,74.89,76.37,416553
2026-06-03,76.33,78.705,75.795,77.53,357689
2026-06-04,79.655,81.58,79.16,79.54,327513
2026-06-05,79.86,81.16,79.42,79.43,299892
2026-06-08,79.31,79.42,77.715,78.81,233876
2026-06-09,79.595,82.3,79.45,82.15,217106
2026-06-10,82.12,82.94,80.8,81.26,290501
2026-06-11,80.775,82.06,79.84,81.415,240500
2026-06-12,82.35,82.35,79.23,79.56,250218
2026-06-15,80.7,82.045,78.94,79.91,302941
2026-06-16,80.38,80.38,78.29,79.29,325407
2026-06-17,78.41,79.975,76.85,77.31,281779
2026-06-18,78.01,79.04,77.31,78.71,349256
2026-06-22,77.8,77.91,75.64,75.87,364021
2026-06-23,76.68,77.95,76.32,76.825,194623
2026-06-24,77.7,79.06,77.55,78.145,218108
2026-06-25,78.71,79.825,77.27,77.815,344632
2026-06-26,76.82,77.61,75.57,76.07,342615
2026-06-29,76.83,76.84,73.065,73.32,246853
2026-06-30,73.18,73.56,71.48,71.86,300651
2026-07-01,72.425,74.61,72.13,72.46,224196
2026-07-02,73.32,75.025,72.905,74.8,198804
2026-07-06,74.26,75.62,73.105,75.4,293246
2026-07-07,76.45,77.98,75.83,76.26,249455
2026-07-08,75.47,76.04,73.845,75.07,275782
2026-07-09,74.29,75.57,74.14,75.06,223297
2026-07-10,75.825,76.975,75.385,75.52,242367
2026-07-13,75.9,76.32,74.59,75.365,223698
2026-07-14,74.66,74.715,73.5,74.05,260703
2026-07-15,75.05,76.365,74.24,74.5,243397
2026-07-16,75.575,77.43,75.575,76.91,207742
2026-07-17,76.84,77.46,75.18,75.99,200874
2026-07-20,75.415,76.475,74.7,76.21,349776
2026-07-21,75.12,76.39,74.595,75.35,280768
2026-07-22,75.76,76.0,73.67,74.195,256608
2026-07-23,74.06,74.885,73.72,74.545,201288
